{"focals": [539.7174072265625, 539.7174072265625], "principal_points": [[256.0, 256.0], [256.0, 256.0]]}