{"focals": [588.2550048828125, 588.2550048828125], "principal_points": [[256.0, 256.0], [256.0, 256.0]]}